DATE,TEDRATE
2006-01-03,0.47
2006-01-04,0.45
2006-01-05,0.45
2006-01-06,0.43
2006-01-09,0.42
2006-01-10,0.38
2006-01-11,0.38
2006-01-12,0.38
2006-01-13,0.37
2006-01-16,.
2006-01-17,0.32
2006-01-18,0.35
2006-01-19,0.36
2006-01-20,0.37
2006-01-23,0.34
2006-01-24,0.33
2006-01-25,0.32
2006-01-26,0.32
2006-01-27,0.33
2006-01-30,0.30
2006-01-31,0.31
2006-02-01,0.32
2006-02-02,0.34
2006-02-03,0.34
2006-02-06,0.34
2006-02-07,0.33
2006-02-08,0.32
2006-02-09,0.33
2006-02-10,0.32
2006-02-13,0.30
2006-02-14,0.30
2006-02-15,0.31
2006-02-16,0.33
2006-02-17,0.34
2006-02-20,.
2006-02-21,0.31
2006-02-22,0.32
2006-02-23,0.32
2006-02-24,0.32
2006-02-27,0.31
2006-02-28,0.31
2006-03-01,0.34
2006-03-02,0.34
2006-03-03,0.35
2006-03-06,0.37
2006-03-07,0.38
2006-03-08,0.41
2006-03-09,0.41
2006-03-10,0.40
2006-03-13,0.41
2006-03-14,0.44
2006-03-15,0.41
2006-03-16,0.43
2006-03-17,0.41
2006-03-20,0.39
2006-03-21,0.37
2006-03-22,0.38
2006-03-23,0.41
2006-03-24,0.42
2006-03-27,0.45
2006-03-28,0.43
2006-03-29,0.47
2006-03-30,0.49
2006-03-31,0.48
2006-04-03,0.45
2006-04-04,0.45
2006-04-05,0.46
2006-04-06,0.46
2006-04-07,0.46
2006-04-10,0.46
2006-04-11,0.47
2006-04-12,0.49
2006-04-13,0.50
2006-04-14,.
2006-04-17,.
2006-04-18,0.47
2006-04-19,0.46
2006-04-20,0.48
2006-04-21,0.47
2006-04-24,0.47
2006-04-25,0.44
2006-04-26,0.46
2006-04-27,0.49
2006-04-28,0.48
2006-05-01,.
2006-05-02,0.46
2006-05-03,0.45
2006-05-04,0.48
2006-05-05,0.47
2006-05-08,0.41
2006-05-09,0.40
2006-05-10,0.40
2006-05-11,0.47
2006-05-12,0.45
2006-05-15,0.43
2006-05-16,0.46
2006-05-17,0.46
2006-05-18,0.48
2006-05-19,0.49
2006-05-22,0.50
2006-05-23,0.49
2006-05-24,0.51
2006-05-25,0.52
2006-05-26,0.51
2006-05-29,.
2006-05-30,0.51
2006-05-31,0.50
2006-06-01,0.56
2006-06-02,0.58
2006-06-05,0.51
2006-06-06,0.53
2006-06-07,0.54
2006-06-08,0.56
2006-06-09,0.56
2006-06-12,0.51
2006-06-13,0.56
2006-06-14,0.57
2006-06-15,0.68
2006-06-16,0.66
2006-06-19,0.61
2006-06-20,0.64
2006-06-21,0.66
2006-06-22,0.67
2006-06-23,0.64
2006-06-26,0.58
2006-06-27,0.58
2006-06-28,0.62
2006-06-29,0.63
2006-06-30,0.61
2006-07-03,0.52
2006-07-04,.
2006-07-05,0.61
2006-07-06,0.64
2006-07-07,0.62
2006-07-10,0.57
2006-07-11,0.58
2006-07-12,0.57
2006-07-13,0.59
2006-07-14,0.57
2006-07-17,0.51
2006-07-18,0.50
2006-07-19,0.54
2006-07-20,0.56
2006-07-21,0.53
2006-07-24,0.52
2006-07-25,0.49
2006-07-26,0.52
2006-07-27,0.52
2006-07-28,0.55
2006-07-31,0.50
2006-08-01,0.48
2006-08-02,0.50
2006-08-03,0.50
2006-08-04,0.54
2006-08-07,0.45
2006-08-08,0.48
2006-08-09,0.46
2006-08-10,0.48
2006-08-11,0.46
2006-08-14,0.43
2006-08-15,0.46
2006-08-16,0.47
2006-08-17,0.43
2006-08-18,0.43
2006-08-21,0.42
2006-08-22,0.43
2006-08-23,0.44
2006-08-24,0.44
2006-08-25,0.42
2006-08-28,.
2006-08-29,0.46
2006-08-30,0.48
2006-08-31,0.48
2006-09-01,0.50
2006-09-04,.
2006-09-05,0.52
2006-09-06,0.55
2006-09-07,0.55
2006-09-08,0.59
2006-09-11,0.58
2006-09-12,0.61
2006-09-13,0.60
2006-09-14,0.57
2006-09-15,0.56
2006-09-18,0.57
2006-09-19,0.57
2006-09-20,0.58
2006-09-21,0.60
2006-09-22,0.57
2006-09-25,0.61
2006-09-26,0.60
2006-09-27,0.61
2006-09-28,0.62
2006-09-29,0.60
2006-10-02,0.61
2006-10-03,0.59
2006-10-04,0.57
2006-10-05,0.56
2006-10-06,0.55
2006-10-09,.
2006-10-10,0.50
2006-10-11,0.48
2006-10-12,0.44
2006-10-13,0.45
2006-10-16,0.41
2006-10-17,0.41
2006-10-18,0.41
2006-10-19,0.40
2006-10-20,0.42
2006-10-23,0.39
2006-10-24,0.38
2006-10-25,0.39
2006-10-26,0.39
2006-10-27,0.40
2006-10-30,0.40
2006-10-31,0.42
2006-11-01,0.43
2006-11-02,0.43
2006-11-03,0.41
2006-11-06,0.42
2006-11-07,0.43
2006-11-08,0.40
2006-11-09,0.42
2006-11-10,0.40
2006-11-13,0.41
2006-11-14,0.42
2006-11-15,0.41
2006-11-16,0.42
2006-11-17,0.42
2006-11-20,0.42
2006-11-21,0.43
2006-11-22,0.45
2006-11-23,.
2006-11-24,0.46
2006-11-27,0.45
2006-11-28,0.46
2006-11-29,0.46
2006-11-30,0.47
2006-12-01,0.47
2006-12-04,0.47
2006-12-05,0.49
2006-12-06,0.49
2006-12-07,0.50
2006-12-08,0.52
2006-12-11,0.55
2006-12-12,0.55
2006-12-13,0.54
2006-12-14,0.53
2006-12-15,0.58
2006-12-18,0.53
2006-12-19,0.53
2006-12-20,0.53
2006-12-21,0.53
2006-12-22,0.50
2006-12-25,.
2006-12-26,.
2006-12-27,0.51
2006-12-28,0.49
2006-12-29,0.47
2007-01-01,.
2007-01-02,0.42
2007-01-03,0.44
2007-01-04,0.45
2007-01-05,0.44
2007-01-08,0.41
2007-01-09,0.41
2007-01-10,0.40
2007-01-11,0.38
2007-01-12,0.40
2007-01-15,.
2007-01-16,0.38
2007-01-17,0.37
2007-01-18,0.37
2007-01-19,0.35
2007-01-22,0.36
2007-01-23,0.35
2007-01-24,0.36
2007-01-25,0.35
2007-01-26,0.36
2007-01-29,0.35
2007-01-30,0.36
2007-01-31,0.37
2007-02-01,0.36
2007-02-02,0.35
2007-02-05,0.34
2007-02-06,0.35
2007-02-07,0.34
2007-02-08,0.33
2007-02-09,0.34
2007-02-12,0.32
2007-02-13,0.33
2007-02-14,0.34
2007-02-15,0.33
2007-02-16,0.32
2007-02-19,.
2007-02-20,0.31
2007-02-21,0.32
2007-02-22,0.31
2007-02-23,0.31
2007-02-26,0.31
2007-02-27,0.37
2007-02-28,0.34
2007-03-01,0.35
2007-03-02,0.37
2007-03-05,0.36
2007-03-06,0.35
2007-03-07,0.37
2007-03-08,0.39
2007-03-09,0.38
2007-03-12,0.40
2007-03-13,0.41
2007-03-14,0.43
2007-03-15,0.44
2007-03-16,0.45
2007-03-19,0.42
2007-03-20,0.43
2007-03-21,0.44
2007-03-22,0.43
2007-03-23,0.41
2007-03-26,0.42
2007-03-27,0.42
2007-03-28,0.43
2007-03-29,0.44
2007-03-30,0.45
2007-04-02,0.44
2007-04-03,0.44
2007-04-04,0.43
2007-04-05,0.45
2007-04-06,.
2007-04-09,.
2007-04-10,0.47
2007-04-11,0.46
2007-04-12,0.47
2007-04-13,0.48
2007-04-16,0.48
2007-04-17,0.49
2007-04-18,0.50
2007-04-19,0.51
2007-04-20,0.51
2007-04-23,0.51
2007-04-24,0.52
2007-04-25,0.53
2007-04-26,0.54
2007-04-27,0.55
2007-04-30,0.57
2007-05-01,0.60
2007-05-02,0.59
2007-05-03,0.60
2007-05-04,0.60
2007-05-07,.
2007-05-08,0.60
2007-05-09,0.62
2007-05-10,0.63
2007-05-11,0.63
2007-05-14,0.63
2007-05-15,0.66
2007-05-16,0.74
2007-05-17,0.68
2007-05-18,0.66
2007-05-21,0.60
2007-05-22,0.57
2007-05-23,0.59
2007-05-24,0.59
2007-05-25,0.61
2007-05-28,.
2007-05-29,0.60
2007-05-30,0.65
2007-05-31,0.76
2007-06-01,0.70
2007-06-04,0.68
2007-06-05,0.66
2007-06-06,0.69
2007-06-07,0.69
2007-06-08,0.72
2007-06-11,0.76
2007-06-12,0.77
2007-06-13,0.83
2007-06-14,0.84
2007-06-15,0.93
2007-06-18,0.85
2007-06-19,0.84
2007-06-20,0.75
2007-06-21,0.79
2007-06-22,0.77
2007-06-25,0.67
2007-06-26,0.67
2007-06-27,0.72
2007-06-28,0.72
2007-06-29,0.68
2007-07-02,0.55
2007-07-03,0.55
2007-07-04,.
2007-07-05,0.55
2007-07-06,0.55
2007-07-09,0.53
2007-07-10,0.55
2007-07-11,0.55
2007-07-12,0.53
2007-07-13,0.53
2007-07-16,0.52
2007-07-17,0.54
2007-07-18,0.54
2007-07-19,0.52
2007-07-20,0.53
2007-07-23,0.48
2007-07-24,0.48
2007-07-25,0.51
2007-07-26,0.58
2007-07-27,0.64
2007-07-30,0.54
2007-07-31,0.54
2007-08-01,0.61
2007-08-02,0.61
2007-08-03,0.64
2007-08-06,0.62
2007-08-07,0.56
2007-08-08,0.57
2007-08-09,0.83
2007-08-10,1.13
2007-08-13,0.95
2007-08-14,1.02
2007-08-15,1.42
2007-08-16,1.82
2007-08-17,1.85
2007-08-20,2.42
2007-08-21,1.98
2007-08-22,1.92
2007-08-23,1.72
2007-08-24,1.38
2007-08-27,.
2007-08-28,1.23
2007-08-29,1.66
2007-08-30,1.84
2007-08-31,1.71
2007-09-03,.
2007-09-04,1.35
2007-09-05,1.48
2007-09-06,1.54
2007-09-07,1.76
2007-09-10,1.84
2007-09-11,1.70
2007-09-12,1.77
2007-09-13,1.72
2007-09-14,1.75
2007-09-17,1.55
2007-09-18,1.68
2007-09-19,1.41
2007-09-20,1.52
2007-09-21,1.56
2007-09-24,1.44
2007-09-25,1.50
2007-09-26,1.56
2007-09-27,1.61
2007-09-28,1.51
2007-10-01,1.40
2007-10-02,1.38
2007-10-03,1.38
2007-10-04,1.39
2007-10-05,1.35
2007-10-08,.
2007-10-09,1.29
2007-10-10,1.30
2007-10-11,1.23
2007-10-12,1.13
2007-10-15,1.02
2007-10-16,1.07
2007-10-17,1.29
2007-10-18,1.52
2007-10-19,1.40
2007-10-22,1.19
2007-10-23,1.20
2007-10-24,1.32
2007-10-25,1.17
2007-10-26,1.12
2007-10-29,1.05
2007-10-30,1.05
2007-10-31,1.05
2007-11-01,1.17
2007-11-02,1.35
2007-11-05,1.25
2007-11-06,1.24
2007-11-07,1.50
2007-11-08,1.59
2007-11-09,1.69
2007-11-12,.
2007-11-13,1.46
2007-11-14,1.55
2007-11-15,1.68
2007-11-16,1.63
2007-11-19,1.66
2007-11-20,1.83
2007-11-21,1.99
2007-11-22,.
2007-11-23,1.89
2007-11-26,1.99
2007-11-27,1.98
2007-11-28,2.10
2007-11-29,2.20
2007-11-30,2.05
2007-12-03,2.15
2007-12-04,2.15
2007-12-05,2.15
2007-12-06,2.13
2007-12-07,2.10
2007-12-10,2.15
2007-12-11,2.24
2007-12-12,2.25
2007-12-13,2.19
2007-12-14,2.16
2007-12-17,1.93
2007-12-18,1.95
2007-12-19,2.06
2007-12-20,2.03
2007-12-21,1.94
2007-12-24,1.58
2007-12-25,.
2007-12-26,.
2007-12-27,1.74
2007-12-28,1.63
2007-12-31,1.41
2008-01-01,.
2008-01-02,1.50
2008-01-03,1.49
2008-01-04,1.50
2008-01-07,1.35
2008-01-08,1.34
2008-01-09,1.30
2008-01-10,1.22
2008-01-11,1.24
2008-01-14,0.94
2008-01-15,0.91
2008-01-16,0.89
2008-01-17,0.93
2008-01-18,1.10
2008-01-21,.
2008-01-22,1.42
2008-01-23,1.17
2008-01-24,0.92
2008-01-25,1.06
2008-01-28,0.96
2008-01-29,1.01
2008-01-30,1.08
2008-01-31,1.19
2008-02-01,1.04
2008-02-04,0.92
2008-02-05,1.02
2008-02-06,1.08
2008-02-07,0.98
2008-02-08,0.91
2008-02-11,0.82
2008-02-12,0.82
2008-02-13,0.84
2008-02-14,0.81
2008-02-15,0.91
2008-02-18,.
2008-02-19,0.84
2008-02-20,0.88
2008-02-21,0.94
2008-02-22,0.93
2008-02-25,0.94
2008-02-26,1.00
2008-02-27,1.14
2008-02-28,1.22
2008-02-29,1.25
2008-03-03,1.34
2008-03-04,1.38
2008-03-05,1.50
2008-03-06,1.62
2008-03-07,1.52
2008-03-10,1.57
2008-03-11,1.42
2008-03-12,1.40
2008-03-13,1.47
2008-03-14,1.60
2008-03-17,1.49
2008-03-18,1.63
2008-03-19,2.00
2008-03-20,1.99
2008-03-21,.
2008-03-24,.
2008-03-25,1.38
2008-03-26,1.40
2008-03-27,1.42
2008-03-28,1.39
2008-03-31,1.33
2008-04-01,1.30
2008-04-02,1.31
2008-04-03,1.35
2008-04-04,1.40
2008-04-07,1.28
2008-04-08,1.32
2008-04-09,1.43
2008-04-10,1.46
2008-04-11,1.54
2008-04-14,1.64
2008-04-15,1.63
2008-04-16,1.62
2008-04-17,1.61
2008-04-18,1.59
2008-04-21,1.59
2008-04-22,1.66
2008-04-23,1.68
2008-04-24,1.67
2008-04-25,1.60
2008-04-28,1.48
2008-04-29,1.43
2008-04-30,1.44
2008-05-01,1.36
2008-05-02,1.30
2008-05-05,.
2008-05-06,1.16
2008-05-07,1.09
2008-05-08,1.09
2008-05-09,1.03
2008-05-12,0.94
2008-05-13,0.88
2008-05-14,0.93
2008-05-15,0.92
2008-05-16,0.88
2008-05-19,0.89
2008-05-20,0.83
2008-05-21,0.81
2008-05-22,0.81
2008-05-23,0.83
2008-05-26,.
2008-05-27,0.78
2008-05-28,0.79
2008-05-29,0.81
2008-05-30,0.83
2008-06-02,0.86
2008-06-03,0.85
2008-06-04,0.86
2008-06-05,0.86
2008-06-06,0.89
2008-06-09,0.83
2008-06-10,0.81
2008-06-11,0.87
2008-06-12,0.82
2008-06-13,0.86
2008-06-16,0.77
2008-06-17,0.85
2008-06-18,0.91
2008-06-19,0.93
2008-06-20,0.97
2008-06-23,0.95
2008-06-24,1.01
2008-06-25,1.03
2008-06-26,1.10
2008-06-27,1.15
2008-06-30,0.91
2008-07-01,0.95
2008-07-02,1.00
2008-07-03,0.98
2008-07-04,.
2008-07-07,0.95
2008-07-08,0.96
2008-07-09,1.00
2008-07-10,1.15
2008-07-11,1.21
2008-07-14,1.29
2008-07-15,1.42
2008-07-16,1.44
2008-07-17,1.39
2008-07-18,1.34
2008-07-21,1.34
2008-07-22,1.28
2008-07-23,1.24
2008-07-24,1.17
2008-07-25,1.08
2008-07-28,1.10
2008-07-29,1.11
2008-07-30,1.13
2008-07-31,1.14
2008-08-01,1.16
2008-08-04,1.08
2008-08-05,1.08
2008-08-06,1.19
2008-08-07,1.17
2008-08-08,1.13
2008-08-11,0.96
2008-08-12,0.97
2008-08-13,0.98
2008-08-14,0.96
2008-08-15,1.00
2008-08-18,1.02
2008-08-19,1.04
2008-08-20,1.13
2008-08-21,1.12
2008-08-22,1.14
2008-08-25,.
2008-08-26,1.13
2008-08-27,1.17
2008-08-28,1.10
2008-08-29,1.12
2008-09-01,.
2008-09-02,1.12
2008-09-03,1.14
2008-09-04,1.16
2008-09-05,1.16
2008-09-08,1.13
2008-09-09,1.19
2008-09-10,1.20
2008-09-11,1.24
2008-09-12,1.36
2008-09-15,1.79
2008-09-16,2.04
2008-09-17,3.03
2008-09-18,2.97
2008-09-19,2.24
2008-09-22,1.91
2008-09-23,2.40
2008-09-24,2.98
2008-09-25,3.02
2008-09-26,2.90
2008-09-29,2.92
2008-09-30,3.15
2008-10-01,3.31
2008-10-02,3.59
2008-10-03,3.83
2008-10-06,3.75
2008-10-07,3.51
2008-10-08,3.85
2008-10-09,4.17
2008-10-10,4.58
2008-10-13,.
2008-10-14,4.30
2008-10-15,4.33
2008-10-16,4.05
2008-10-17,3.62
2008-10-20,2.82
2008-10-21,2.74
2008-10-22,2.51
2008-10-23,2.58
2008-10-24,2.66
2008-10-27,2.67
2008-10-28,2.7
2008-10-29,2.81
2008-10-30,2.79
2008-10-31,2.59
2008-11-03,2.37
2008-11-04,2.23
2008-11-05,2.12
2008-11-06,2.08
2008-11-07,1.99
2008-11-10,1.94
2008-11-11,.
2008-11-12,1.95
2008-11-13,1.94
2008-11-14,2.10
2008-11-17,2.12
2008-11-18,2.10
2008-11-19,2.10
2008-11-20,2.12
2008-11-21,2.14
2008-11-24,2.04
2008-11-25,2.10
2008-11-26,2.13
2008-11-27,.
2008-11-28,2.21
2008-12-01,2.15
2008-12-02,2.15
2008-12-03,2.18
2008-12-04,2.17
2008-12-05,2.17
2008-12-08,2.16
2008-12-09,2.13
2008-12-10,2.10
2008-12-11,1.99
2008-12-12,1.90
2008-12-15,1.83
2008-12-16,1.81
2008-12-17,1.53
2008-12-18,1.52
2008-12-19,1.48
2008-12-22,1.46
2008-12-23,1.45
2008-12-24,1.47
2008-12-25,.
2008-12-26,.
2008-12-29,1.40
2008-12-30,1.34
2008-12-31,1.32
2009-01-01,.
2009-01-02,1.33
2009-01-05,1.28
2009-01-06,1.27
2009-01-07,1.29
2009-01-08,1.26
2009-01-09,1.19
2009-01-12,1.04
2009-01-13,0.98
2009-01-14,0.96
2009-01-15,0.98
2009-01-16,1.02
2009-01-19,.
2009-01-20,0.99
2009-01-21,1.01
2009-01-22,1.06
2009-01-23,1.06
2009-01-26,1.03
2009-01-27,1.05
2009-01-28,0.98
2009-01-29,0.94
2009-01-30,0.94
2009-02-02,0.96
2009-02-03,0.91
2009-02-04,0.94
2009-02-05,0.95
2009-02-06,0.96
2009-02-09,0.91
2009-02-10,0.91
2009-02-11,0.93
2009-02-12,0.94
2009-02-13,0.95
2009-02-16,.
2009-02-17,0.93
2009-02-18,0.94
2009-02-19,0.95
2009-02-20,0.98
2009-02-23,0.95
2009-02-24,0.93
2009-02-25,0.96
2009-02-26,0.99
2009-02-27,1.00
2009-03-02,0.99
2009-03-03,1.00
2009-03-04,1.02
2009-03-05,1.08
2009-03-06,1.09
2009-03-09,1.08
2009-03-10,1.09
2009-03-11,1.10
2009-03-12,1.11
2009-03-13,1.13
2009-03-16,1.07
2009-03-17,1.06
2009-03-18,1.08
2009-03-19,1.03
2009-03-20,1.01
2009-03-23,1.00
2009-03-24,1.02
2009-03-25,1.04
2009-03-26,1.08
2009-03-27,1.09
2009-03-30,1.03
2009-03-31,0.98
2009-04-01,0.96
2009-04-02,0.95
2009-04-03,0.95
2009-04-06,0.96
2009-04-07,0.95
2009-04-08,0.96
2009-04-09,0.95
2009-04-10,.
2009-04-13,.
2009-04-14,0.95
2009-04-15,0.96
2009-04-16,0.98
2009-04-17,0.96
2009-04-20,0.96
2009-04-21,0.95
2009-04-22,0.96
2009-04-23,0.99
2009-04-24,0.97
2009-04-27,0.92
2009-04-28,0.91
2009-04-29,0.92
2009-04-30,0.88
2009-05-01,0.86
2009-05-04,.
2009-05-05,0.80
2009-05-06,0.78
2009-05-07,0.78
2009-05-08,0.76
2009-05-11,0.73
2009-05-12,0.72
2009-05-13,0.71
2009-05-14,0.69
2009-05-15,0.66
2009-05-18,0.60
2009-05-19,0.57
2009-05-20,0.54
2009-05-21,0.47
2009-05-22,0.48
2009-05-25,.
2009-05-26,0.48
2009-05-27,0.50
2009-05-28,0.52
2009-05-29,0.52
2009-06-01,0.52
2009-06-02,0.51
2009-06-03,0.50
2009-06-04,0.49
2009-06-05,0.44
2009-06-08,0.46
2009-06-09,0.46
2009-06-10,0.46
2009-06-11,0.44
2009-06-12,0.44
2009-06-15,0.44
2009-06-16,0.44
2009-06-17,0.44
2009-06-18,0.43
2009-06-19,0.43
2009-06-22,0.41
2009-06-23,0.41
2009-06-24,0.41
2009-06-25,0.42
2009-06-26,0.41
2009-06-29,0.40
2009-06-30,0.4
2009-07-01,0.42
2009-07-02,0.41
2009-07-03,.
2009-07-06,0.36
2009-07-07,0.35
2009-07-08,0.34
2009-07-09,0.32
2009-07-10,0.32
2009-07-13,0.33
2009-07-14,0.33
2009-07-15,0.33
2009-07-16,0.32
2009-07-17,0.33
2009-07-20,0.32
2009-07-21,0.31
2009-07-22,0.31
2009-07-23,0.31
2009-07-24,0.32
2009-07-27,0.31
2009-07-28,0.30
2009-07-29,0.30
2009-07-30,0.30
2009-07-31,0.30
2009-08-03,0.28
2009-08-04,0.29
2009-08-05,0.29
2009-08-06,0.29
2009-08-07,0.28
2009-08-10,0.27
2009-08-11,0.27
2009-08-12,0.28
2009-08-13,0.27
2009-08-14,0.25
2009-08-17,0.25
2009-08-18,0.24
2009-08-19,0.25
2009-08-20,0.24
2009-08-21,0.22
2009-08-24,0.22
2009-08-25,0.21
2009-08-26,0.22
2009-08-27,0.21
2009-08-28,0.20
2009-08-31,.
2009-09-01,0.19
2009-09-02,0.19
2009-09-03,0.17
2009-09-04,0.17
2009-09-07,.
2009-09-08,0.16
2009-09-09,0.16
2009-09-10,0.16
2009-09-11,0.16
2009-09-14,0.15
2009-09-15,0.16
2009-09-16,0.19
2009-09-17,0.19
2009-09-18,0.21
2009-09-21,0.18
2009-09-22,0.18
2009-09-23,0.18
2009-09-24,0.18
2009-09-25,0.18
2009-09-28,0.17
2009-09-29,0.16
2009-09-30,0.15
2009-10-01,0.18
2009-10-02,0.18
2009-10-05,0.20
2009-10-06,0.20
2009-10-07,0.19
2009-10-08,0.22
2009-10-09,0.21
2009-10-12,.
2009-10-13,0.21
2009-10-14,0.21
2009-10-15,0.21
2009-10-16,0.21
2009-10-19,0.20
2009-10-20,0.20
2009-10-21,0.21
2009-10-22,0.22
2009-10-23,0.21
2009-10-26,0.20
2009-10-27,0.20
2009-10-28,0.21
2009-10-29,0.22
2009-10-30,0.23
2009-11-02,0.22
2009-11-03,0.22
2009-11-04,0.23
2009-11-05,0.24
2009-11-06,0.21
2009-11-09,0.20
2009-11-10,0.20
2009-11-11,.
2009-11-12,0.20
2009-11-13,0.21
2009-11-16,0.20
2009-11-17,0.21
2009-11-18,0.23
2009-11-19,0.25
2009-11-20,0.24
2009-11-23,0.21
2009-11-24,0.21
2009-11-25,0.21
2009-11-26,.
2009-11-27,0.23
2009-11-30,0.20
2009-12-01,0.20
2009-12-02,0.2
2009-12-03,0.20
2009-12-04,0.20
2009-12-07,0.22
2009-12-08,0.23
2009-12-09,0.23
2009-12-10,0.23
2009-12-11,0.22
2009-12-14,0.21
2009-12-15,0.20
2009-12-16,0.21
2009-12-17,0.21
2009-12-18,0.20
2009-12-21,0.17
2009-12-22,0.17
2009-12-23,0.18
2009-12-24,0.20
2009-12-25,.
2009-12-28,.
2009-12-29,0.15
2009-12-30,0.20
2009-12-31,0.19
2010-01-01,.
2010-01-04,0.17
2010-01-05,0.18
2010-01-06,0.19
2010-01-07,0.20
2010-01-08,0.20
2010-01-11,0.21
2010-01-12,0.20
2010-01-13,0.19
2010-01-14,0.20
2010-01-15,0.19
2010-01-18,.
2010-01-19,0.19
2010-01-20,0.20
2010-01-21,0.19
2010-01-22,0.19
2010-01-25,0.19
2010-01-26,0.18
2010-01-27,0.17
2010-01-28,0.17
2010-01-29,0.17
2010-02-01,0.15
2010-02-02,0.15
2010-02-03,0.15
2010-02-04,0.16
2010-02-05,0.15
2010-02-08,0.13
2010-02-09,0.13
2010-02-10,0.14
2010-02-11,0.14
2010-02-12,0.15
2010-02-15,.
2010-02-16,0.15
2010-02-17,0.15
2010-02-18,0.15
2010-02-19,0.14
2010-02-22,0.14
2010-02-23,0.13
2010-02-24,0.13
2010-02-25,0.12
2010-02-26,0.12
2010-03-01,0.12
2010-03-02,0.11
2010-03-03,0.11
2010-03-04,0.11
2010-03-05,0.10
2010-03-08,0.09
2010-03-09,0.10
2010-03-10,0.11
2010-03-11,0.10
2010-03-12,0.11
2010-03-15,0.09
2010-03-16,0.10
2010-03-17,0.12
2010-03-18,0.11
2010-03-19,0.12
2010-03-22,0.13
2010-03-23,0.14
2010-03-24,0.14
2010-03-25,0.15
2010-03-26,0.15
2010-03-29,0.14
2010-03-30,0.13
2010-03-31,0.13
2010-04-01,0.13
2010-04-02,.
2010-04-05,.
2010-04-06,0.12
2010-04-07,0.13
2010-04-08,0.12
2010-04-09,0.14
2010-04-12,0.14
2010-04-13,0.14
2010-04-14,0.14
2010-04-15,0.14
2010-04-16,0.15
2010-04-19,0.15
2010-04-20,0.15
2010-04-21,0.16
2010-04-22,0.16
2010-04-23,0.16
2010-04-26,0.16
2010-04-27,0.17
2010-04-28,0.18
2010-04-29,0.17
2010-04-30,0.19
2010-05-03,.
2010-05-04,0.19
2010-05-05,0.21
2010-05-06,0.26
2010-05-07,0.30
2010-05-10,0.26
2010-05-11,0.26
2010-05-12,0.27
2010-05-13,0.28
2010-05-14,0.29
2010-05-17,0.30
2010-05-18,0.29
2010-05-19,0.31
2010-05-20,0.31
2010-05-21,0.33
2010-05-24,0.34
2010-05-25,0.37
2010-05-26,0.37
2010-05-27,0.37
2010-05-28,0.38
2010-05-31,.
2010-06-01,0.38
2010-06-02,0.38
2010-06-03,0.40
2010-06-04,0.40
2010-06-07,0.42
2010-06-08,0.42
2010-06-09,0.44
2010-06-10,0.44
2010-06-11,0.46
2010-06-14,0.47
2010-06-15,0.45
2010-06-16,0.44
2010-06-17,0.45
2010-06-18,0.43
2010-06-21,0.42
2010-06-22,0.41
2010-06-23,0.41
2010-06-24,0.41
2010-06-25,0.40
2010-06-28,0.36
2010-06-29,0.38
2010-06-30,0.35
2010-07-01,0.36
2010-07-02,0.36
2010-07-05,.
2010-07-06,0.36
2010-07-07,0.37
2010-07-08,0.38
2010-07-09,0.37
2010-07-12,0.37
2010-07-13,0.38
2010-07-14,0.38
2010-07-15,0.37
2010-07-16,0.37
2010-07-19,0.35
2010-07-20,0.35
2010-07-21,0.35
2010-07-22,0.34
2010-07-23,0.33
2010-07-26,0.33
2010-07-27,0.33
2010-07-28,0.32
2010-07-29,0.32
2010-07-30,0.30
2010-08-02,0.28
2010-08-03,0.27
2010-08-04,0.26
2010-08-05,0.27
2010-08-06,0.26
2010-08-09,0.25
2010-08-10,0.25
2010-08-11,0.23
2010-08-12,0.22
2010-08-13,0.22
2010-08-16,0.20
2010-08-17,0.18
2010-08-18,0.19
2010-08-19,0.18
2010-08-20,0.18
2010-08-23,0.16
2010-08-24,0.15
2010-08-25,0.14
2010-08-26,0.14
2010-08-27,0.15
2010-08-30,.
2010-08-31,0.16
2010-09-01,0.17
2010-09-02,0.15
2010-09-03,0.15
2010-09-06,.
2010-09-07,0.15
2010-09-08,0.15
2010-09-09,0.15
2010-09-10,0.15
2010-09-13,0.14
2010-09-14,0.14
2010-09-15,0.14
2010-09-16,0.13
2010-09-17,0.13
2010-09-20,0.12
2010-09-21,0.12
2010-09-22,0.13
2010-09-23,0.13
2010-09-24,0.14
2010-09-27,0.13
2010-09-28,0.13
2010-09-29,0.13
2010-09-30,0.13
2010-10-01,0.13
2010-10-04,0.16
2010-10-05,0.17
2010-10-06,0.16
2010-10-07,0.16
2010-10-08,0.17
2010-10-11,.
2010-10-12,0.16
2010-10-13,0.16
2010-10-14,0.15
2010-10-15,0.15
2010-10-18,0.14
2010-10-19,0.15
2010-10-20,0.15
2010-10-21,0.16
2010-10-22,0.16
2010-10-25,0.15
2010-10-26,0.15
2010-10-27,0.15
2010-10-28,0.16
2010-10-29,0.17
2010-11-01,0.16
2010-11-02,0.16
2010-11-03,0.16
2010-11-04,0.16
2010-11-05,0.16
2010-11-08,0.16
2010-11-09,0.16
2010-11-10,0.16
2010-11-11,.
2010-11-12,0.15
2010-11-15,0.14
2010-11-16,0.13
2010-11-17,0.14
2010-11-18,0.13
2010-11-19,0.14
2010-11-22,0.13
2010-11-23,0.13
2010-11-24,0.13
2010-11-25,.
2010-11-26,0.13
2010-11-29,0.12
2010-11-30,0.13
2010-12-01,0.14
2010-12-02,0.14
2010-12-03,0.16
2010-12-06,0.15
2010-12-07,0.16
2010-12-08,0.15
2010-12-09,0.16
2010-12-10,0.17
2010-12-13,0.15
2010-12-14,0.15
2010-12-15,0.16
2010-12-16,0.17
2010-12-17,0.19
2010-12-20,0.16
2010-12-21,0.16
2010-12-22,0.16
2010-12-23,0.16
2010-12-24,.
2010-12-27,.
2010-12-28,.
2010-12-29,0.17
2010-12-30,0.18
2010-12-31,0.18
2011-01-03,.
2011-01-04,0.16
2011-01-05,0.16
2011-01-06,0.15
2011-01-07,0.16
2011-01-10,0.15
2011-01-11,0.15
2011-01-12,0.15
2011-01-13,0.15
2011-01-14,0.15
2011-01-17,.
2011-01-18,0.14
2011-01-19,0.14
2011-01-20,0.14
2011-01-21,0.14
2011-01-24,0.14
2011-01-25,0.14
2011-01-26,0.14
2011-01-27,0.15
2011-01-28,0.15
2011-01-31,0.15
2011-02-01,0.16
2011-02-02,0.15
2011-02-03,0.17
2011-02-04,0.16
2011-02-07,0.15
2011-02-08,0.16
2011-02-09,0.17
2011-02-10,0.19
2011-02-11,0.19
2011-02-14,0.18
2011-02-15,0.18
2011-02-16,0.19
2011-02-17,0.22
2011-02-18,0.21
2011-02-21,.
2011-02-22,0.19
2011-02-23,0.19
2011-02-24,0.18
2011-02-25,0.18
2011-02-28,0.16
2011-03-01,0.17
2011-03-02,0.18
2011-03-03,0.18
2011-03-04,0.19
2011-03-07,0.20
2011-03-08,0.20
2011-03-09,0.21
2011-03-10,0.23
2011-03-11,0.23
2011-03-14,0.22
2011-03-15,0.21
2011-03-16,0.21
2011-03-17,0.23
2011-03-18,0.24
2011-03-21,0.21
2011-03-22,0.21
2011-03-23,0.22
2011-03-24,0.22
2011-03-25,0.22
2011-03-28,0.20
2011-03-29,0.21
2011-03-30,0.20
2011-03-31,0.21
2011-04-01,0.23
2011-04-04,0.24
2011-04-05,0.22
2011-04-06,0.23
2011-04-07,0.25
2011-04-08,0.25
2011-04-11,0.23
2011-04-12,0.23
2011-04-13,0.22
2011-04-14,0.21
2011-04-15,0.20
2011-04-18,0.20
2011-04-19,0.21
2011-04-20,0.21
2011-04-21,0.21
2011-04-22,.
2011-04-25,.
2011-04-26,0.20
2011-04-27,0.21
2011-04-28,0.23
2011-04-29,.
2011-05-02,.
2011-05-03,0.24
2011-05-04,0.24
2011-05-05,0.25
2011-05-06,0.25
2011-05-09,0.24
2011-05-10,0.23
2011-05-11,0.23
2011-05-12,0.24
2011-05-13,0.23
2011-05-16,0.22
2011-05-17,0.22
2011-05-18,0.21
2011-05-19,0.21
2011-05-20,0.21
2011-05-23,0.20
2011-05-24,0.20
2011-05-25,0.19
2011-05-26,0.20
2011-05-27,0.20
2011-05-30,.
2011-05-31,0.19
2011-06-01,0.20
2011-06-02,0.21
2011-06-03,0.21
2011-06-06,0.20
2011-06-07,0.20
2011-06-08,0.21
2011-06-09,0.20
2011-06-10,0.20
2011-06-13,0.20
2011-06-14,0.20
2011-06-15,0.20
2011-06-16,0.20
2011-06-17,0.21
2011-06-20,0.22
2011-06-21,0.22
2011-06-22,0.23
2011-06-23,0.24
2011-06-24,0.23
2011-06-27,0.23
2011-06-28,0.22
2011-06-29,0.23
2011-06-30,0.22
2011-07-01,0.23
2011-07-04,.
2011-07-05,0.23
2011-07-06,0.24
2011-07-07,0.22
2011-07-08,0.22
2011-07-11,0.22
2011-07-12,0.22
2011-07-13,0.24
2011-07-14,0.24
2011-07-15,0.23
2011-07-18,0.23
2011-07-19,0.22
2011-07-20,0.23
2011-07-21,0.20
2011-07-22,0.20
2011-07-25,0.20
2011-07-26,0.18
2011-07-27,0.17
2011-07-28,0.18
2011-07-29,0.16
2011-08-01,0.16
2011-08-02,0.20
2011-08-03,0.25
2011-08-04,0.25
2011-08-05,0.26
2011-08-08,0.22
2011-08-09,0.25
2011-08-10,0.26
2011-08-11,0.26
2011-08-12,0.27
2011-08-15,0.27
2011-08-16,0.26
2011-08-17,0.29
2011-08-18,0.29
2011-08-19,0.28
2011-08-22,0.30
2011-08-23,0.30
2011-08-24,0.29
2011-08-25,0.31
2011-08-26,0.31
2011-08-29,.
2011-08-30,0.32
2011-08-31,0.31
2011-09-01,0.31
2011-09-02,0.31
2011-09-05,.
2011-09-06,0.32
2011-09-07,0.32
2011-09-08,0.32
2011-09-09,0.33
2011-09-12,0.33
2011-09-13,0.34
2011-09-14,0.34
2011-09-15,0.34
2011-09-16,0.34
2011-09-19,0.34
2011-09-20,0.34
2011-09-21,0.35
2011-09-22,0.36
2011-09-23,0.35
2011-09-26,0.34
2011-09-27,0.36
2011-09-28,0.35
2011-09-29,0.35
2011-09-30,0.35
2011-10-03,0.36
2011-10-04,0.37
2011-10-05,0.38
2011-10-06,0.38
2011-10-07,0.38
2011-10-10,.
2011-10-11,0.38
2011-10-12,0.38
2011-10-13,0.38
2011-10-14,0.38
2011-10-17,0.37
2011-10-18,0.37
2011-10-19,0.38
2011-10-20,0.39
2011-10-21,0.40
2011-10-24,0.40
2011-10-25,0.41
2011-10-26,0.40
2011-10-27,0.41
2011-10-28,0.42
2011-10-31,0.42
2011-11-01,0.42
2011-11-02,0.42
2011-11-03,0.42
2011-11-04,0.43
2011-11-07,0.43
2011-11-08,0.43
2011-11-09,0.44
2011-11-10,0.44
2011-11-11,.
2011-11-14,0.45
2011-11-15,0.46
2011-11-16,0.46
2011-11-17,0.46
2011-11-18,0.48
2011-11-21,0.48
2011-11-22,0.48
2011-11-23,0.49
2011-11-24,.
2011-11-25,0.50
2011-11-28,0.49
2011-11-29,0.51
2011-11-30,0.52
2011-12-01,0.52
2011-12-02,0.51
2011-12-05,0.52
2011-12-06,0.53
2011-12-07,0.52
2011-12-08,0.53
2011-12-09,0.53
2011-12-12,0.53
2011-12-13,0.54
2011-12-14,0.55
2011-12-15,0.56
2011-12-16,0.56
2011-12-19,0.56
2011-12-20,0.56
2011-12-21,0.56
2011-12-22,0.56
2011-12-23,0.57
2011-12-26,.
2011-12-27,.
2011-12-28,0.57
2011-12-29,0.56
2011-12-30,0.56
2012-01-02,.
2012-01-03,0.56
2012-01-04,0.56
2012-01-05,0.56
2012-01-06,0.56
2012-01-09,0.57
2012-01-10,0.56
2012-01-11,0.56
2012-01-12,0.54
2012-01-13,0.54
2012-01-16,.
2012-01-17,0.53
2012-01-18,0.53
2012-01-19,0.51
2012-01-20,0.51
2012-01-23,0.52
2012-01-24,0.52
2012-01-25,0.52
2012-01-26,0.50
2012-01-27,0.49
2012-01-30,0.50
2012-01-31,0.48
2012-02-01,0.48
2012-02-02,0.45
2012-02-03,0.45
2012-02-06,0.44
2012-02-07,0.44
2012-02-08,0.42
2012-02-09,0.42
2012-02-10,0.42
2012-02-13,0.39
2012-02-14,0.38
2012-02-15,0.39
2012-02-16,0.39
2012-02-17,0.40
2012-02-20,.
2012-02-21,0.41
2012-02-22,0.40
2012-02-23,0.40
2012-02-24,0.39
2012-02-27,0.37
2012-02-28,0.39
2012-02-29,0.40
2012-03-01,0.40
2012-03-02,0.41
2012-03-05,0.39
2012-03-06,0.39
2012-03-07,0.39
2012-03-08,0.39
2012-03-09,0.38
2012-03-12,0.38
2012-03-13,0.39
2012-03-14,0.38
2012-03-15,0.39
2012-03-16,0.38
2012-03-19,0.37
2012-03-20,0.37
2012-03-21,0.38
2012-03-22,0.39
2012-03-23,0.39
2012-03-26,0.38
2012-03-27,0.38
2012-03-28,0.38
2012-03-29,0.40
2012-03-30,0.40
2012-04-02,0.39
2012-04-03,0.39
2012-04-04,0.39
2012-04-05,0.39
2012-04-06,.
2012-04-09,.
2012-04-10,0.38
2012-04-11,0.38
2012-04-12,0.38
2012-04-13,0.38
2012-04-16,0.39
2012-04-17,0.39
2012-04-18,0.40
2012-04-19,0.40
2012-04-20,0.39
2012-04-23,0.39
2012-04-24,0.38
2012-04-25,0.38
2012-04-26,0.38
2012-04-27,0.38
2012-04-30,0.37
2012-05-01,0.38
2012-05-02,0.39
2012-05-03,0.38
2012-05-04,0.40
2012-05-07,.
2012-05-08,0.38
2012-05-09,0.38
2012-05-10,0.37
2012-05-11,0.37
2012-05-14,0.37
2012-05-15,0.38
2012-05-16,0.37
2012-05-17,0.37
2012-05-18,0.39
2012-05-21,0.38
2012-05-22,0.38
2012-05-23,0.38
2012-05-24,0.37
2012-05-25,0.38
2012-05-28,.
2012-05-29,0.38
2012-05-30,0.40
2012-05-31,0.40
2012-06-01,0.40
2012-06-04,.
2012-06-05,.
2012-06-06,0.38
2012-06-07,0.38
2012-06-08,0.38
2012-06-11,0.38
2012-06-12,0.37
2012-06-13,0.37
2012-06-14,0.36
2012-06-15,0.38
2012-06-18,0.37
2012-06-19,0.38
2012-06-20,0.38
2012-06-21,0.38
2012-06-22,0.37
2012-06-25,0.36
2012-06-26,0.36
2012-06-27,0.37
2012-06-28,0.37
2012-06-29,0.37
2012-07-02,0.36
2012-07-03,0.37
2012-07-04,.
2012-07-05,0.38
2012-07-06,0.38
2012-07-09,0.37
2012-07-10,0.37
2012-07-11,0.36
2012-07-12,0.36
2012-07-13,0.36
2012-07-16,0.36
2012-07-17,0.36
2012-07-18,0.37
2012-07-19,0.36
2012-07-20,0.36
2012-07-23,0.35
2012-07-24,0.35
2012-07-25,0.35
2012-07-26,0.34
2012-07-27,0.34
2012-07-30,0.33
2012-07-31,0.33
2012-08-01,0.34
2012-08-02,0.35
2012-08-03,0.35
2012-08-06,0.34
2012-08-07,0.33
2012-08-08,0.33
2012-08-09,0.33
2012-08-10,0.34
2012-08-13,0.32
2012-08-14,0.33
2012-08-15,0.34
2012-08-16,0.34
2012-08-17,0.34
2012-08-20,0.32
2012-08-21,0.32
2012-08-22,0.32
2012-08-23,0.32
2012-08-24,0.32
2012-08-27,.
2012-08-28,0.32
2012-08-29,0.30
2012-08-30,0.32
2012-08-31,0.33
2012-09-03,.
2012-09-04,0.31
2012-09-05,0.30
2012-09-06,0.30
2012-09-07,0.30
2012-09-10,0.30
2012-09-11,0.30
2012-09-12,0.29
2012-09-13,0.29
2012-09-14,0.28
2012-09-17,0.27
2012-09-18,0.28
2012-09-19,0.27
2012-09-20,0.26
2012-09-21,0.26
2012-09-24,0.26
2012-09-25,0.25
2012-09-26,0.25
2012-09-27,0.27
2012-09-28,0.26
2012-10-01,0.27
2012-10-02,0.26
2012-10-03,0.26
2012-10-04,0.25
2012-10-05,0.24
2012-10-08,.
2012-10-09,0.25
2012-10-10,0.24
2012-10-11,0.24
2012-10-12,0.22
2012-10-15,0.22
2012-10-16,0.23
2012-10-17,0.21
2012-10-18,0.22
2012-10-19,0.22
2012-10-22,0.22
2012-10-23,0.21
2012-10-24,0.20
2012-10-25,0.20
2012-10-26,0.19
2012-10-29,0.17
2012-10-30,.
2012-10-31,0.20
2012-11-01,0.22
2012-11-02,0.22
2012-11-05,0.20
2012-11-06,0.21
2012-11-07,0.21
2012-11-08,0.21
2012-11-09,0.22
2012-11-12,.
2012-11-13,0.20
2012-11-14,0.21
2012-11-15,0.23
2012-11-16,0.25
2012-11-19,0.22
2012-11-20,0.23
2012-11-21,0.21
2012-11-22,.
2012-11-23,0.21
2012-11-26,0.21
2012-11-27,0.21
2012-11-28,0.21
2012-11-29,0.22
2012-11-30,0.23
2012-12-03,0.21
2012-12-04,0.21
2012-12-05,0.21
2012-12-06,0.21
2012-12-07,0.22
2012-12-10,0.22
2012-12-11,0.23
2012-12-12,0.24
2012-12-13,0.25
2012-12-14,0.27
2012-12-17,0.26
2012-12-18,0.25
2012-12-19,0.26
2012-12-20,0.25
2012-12-21,0.25
2012-12-24,0.25
2012-12-25,.
2012-12-26,.
2012-12-27,0.23
2012-12-28,0.30
2012-12-31,0.26
2013-01-01,.
2013-01-02,0.22
2013-01-03,0.22
2013-01-04,0.24
2013-01-07,0.24
2013-01-08,0.24
2013-01-09,0.24
2013-01-10,0.24
2013-01-11,0.23
2013-01-14,0.22
2013-01-15,0.21
2013-01-16,0.22
2013-01-17,0.23
2013-01-18,0.22
2013-01-21,.
2013-01-22,0.22
2013-01-23,0.22
2013-01-24,0.22
2013-01-25,0.22
2013-01-28,0.23
2013-01-29,0.23
2013-01-30,0.23
2013-01-31,0.23
2013-02-01,0.24
2013-02-04,0.23
2013-02-05,0.23
2013-02-06,0.22
2013-02-07,0.22
2013-02-08,0.22
2013-02-11,0.20
2013-02-12,0.20
2013-02-13,0.19
2013-02-14,0.18
2013-02-15,0.19
2013-02-18,.
2013-02-19,0.17
2013-02-20,0.17
2013-02-21,0.16
2013-02-22,0.16
2013-02-25,0.17
2013-02-26,0.15
2013-02-27,0.18
2013-02-28,0.18
2013-03-01,0.17
2013-03-04,0.17
2013-03-05,0.20
2013-03-06,0.18
2013-03-07,0.18
2013-03-08,0.18
2013-03-11,0.18
2013-03-12,0.18
2013-03-13,0.19
2013-03-14,0.18
2013-03-15,0.19
2013-03-18,0.21
2013-03-19,0.21
2013-03-20,0.21
2013-03-21,0.21
2013-03-22,0.21
2013-03-25,0.20
2013-03-26,0.21
2013-03-27,0.19
2013-03-28,0.21
2013-03-29,.
2013-04-01,.
2013-04-02,0.21
2013-04-03,0.22
2013-04-04,0.21
2013-04-05,0.21
2013-04-08,0.21
2013-04-09,0.22
2013-04-10,0.21
2013-04-11,0.21
2013-04-12,0.22
2013-04-15,0.22
2013-04-16,0.22
2013-04-17,0.22
2013-04-18,0.23
2013-04-19,0.23
2013-04-22,0.23
2013-04-23,0.23
2013-04-24,0.22
2013-04-25,0.23
2013-04-26,0.23
2013-04-29,0.22
2013-04-30,0.22
2013-05-01,0.21
2013-05-02,0.22
2013-05-03,0.23
2013-05-06,.
2013-05-07,0.24
2013-05-08,0.24
2013-05-09,0.24
2013-05-10,0.24
2013-05-13,0.23
2013-05-14,0.22
2013-05-15,0.23
2013-05-16,0.24
2013-05-17,0.23
2013-05-20,0.22
2013-05-21,0.23
2013-05-22,0.23
2013-05-23,0.22
2013-05-24,0.23
2013-05-27,.
2013-05-28,0.22
2013-05-29,0.23
2013-05-30,0.23
2013-05-31,0.24
2013-06-03,0.22
2013-06-04,0.23
2013-06-05,0.22
2013-06-06,0.22
2013-06-07,0.24
2013-06-10,0.22
2013-06-11,0.22
2013-06-12,0.22
2013-06-13,0.22
2013-06-14,0.22
2013-06-17,0.22
2013-06-18,0.22
2013-06-19,0.22
2013-06-20,0.22
2013-06-21,0.22
2013-06-24,0.22
2013-06-25,0.22
2013-06-26,0.22
2013-06-27,0.21
2013-06-28,0.23
2013-07-01,0.23
2013-07-02,0.24
2013-07-03,0.22
2013-07-04,.
2013-07-05,0.23
2013-07-08,0.22
2013-07-09,0.23
2013-07-10,0.23
2013-07-11,0.23
2013-07-12,0.23
2013-07-15,0.23
2013-07-16,0.24
2013-07-17,0.24
2013-07-18,0.24
2013-07-19,0.23
2013-07-22,0.22
2013-07-23,0.25
2013-07-24,0.23
2013-07-25,0.24
2013-07-26,0.24
2013-07-29,0.24
2013-07-30,0.22
2013-07-31,0.23
2013-08-01,0.23
2013-08-02,0.23
2013-08-05,0.22
2013-08-06,0.23
2013-08-07,0.22
2013-08-08,0.21
2013-08-09,0.21
2013-08-12,0.20
2013-08-13,0.20
2013-08-14,0.21
2013-08-15,0.21
2013-08-16,0.21
2013-08-19,0.20
2013-08-20,0.22
2013-08-21,0.22
2013-08-22,0.23
2013-08-23,0.23
2013-08-26,.
2013-08-27,0.21
2013-08-28,0.23
2013-08-29,0.24
2013-08-30,0.23
2013-09-02,.
2013-09-03,0.24
2013-09-04,0.24
2013-09-05,0.24
2013-09-06,0.24
2013-09-09,0.24
2013-09-10,0.24
2013-09-11,0.23
2013-09-12,0.24
2013-09-13,0.24
2013-09-16,0.23
2013-09-17,0.24
2013-09-18,0.24
2013-09-19,0.24
2013-09-20,0.24
2013-09-23,0.23
2013-09-24,0.23
2013-09-25,0.23
2013-09-26,0.25
2013-09-27,0.23
2013-09-30,0.23
2013-10-01,0.23
2013-10-02,0.22
2013-10-03,0.21
2013-10-04,0.21
2013-10-07,0.21
2013-10-08,0.19
2013-10-09,0.20
2013-10-10,0.19
2013-10-11,0.16
2013-10-14,.
2013-10-15,0.10
2013-10-16,0.15
2013-10-17,0.19
2013-10-18,0.20
2013-10-21,0.20
2013-10-22,0.20
2013-10-23,0.20
2013-10-24,0.21
2013-10-25,0.20
2013-10-28,0.20
2013-10-29,0.20
2013-10-30,0.20
2013-10-31,0.20
2013-11-01,0.20
2013-11-04,0.19
2013-11-05,0.19
2013-11-06,0.19
2013-11-07,0.19
2013-11-08,0.18
2013-11-11,.
2013-11-12,0.16
2013-11-13,0.16
2013-11-14,0.16
2013-11-15,0.16
2013-11-18,0.15
2013-11-19,0.16
2013-11-20,0.16
2013-11-21,0.17
2013-11-22,0.17
2013-11-25,0.16
2013-11-26,0.17
2013-11-27,0.17
2013-11-28,.
2013-11-29,0.18
2013-12-02,0.19
2013-12-03,0.18
2013-12-04,0.18
2013-12-05,0.18
2013-12-06,0.18
2013-12-09,0.17
2013-12-10,0.17
2013-12-11,0.17
2013-12-12,0.17
2013-12-13,0.17
2013-12-16,0.17
2013-12-17,0.17
2013-12-18,0.18
2013-12-19,0.19
2013-12-20,0.18
2013-12-23,0.18
2013-12-24,0.18
2013-12-25,.
2013-12-26,.
2013-12-27,0.18
2013-12-30,0.18
2013-12-31,0.18
2014-01-01,.
2014-01-02,0.17
2014-01-03,0.17
2014-01-06,0.19
2014-01-07,0.20
2014-01-08,0.19
2014-01-09,0.20
2014-01-10,0.19
2014-01-13,0.21
2014-01-14,0.20
2014-01-15,0.20
2014-01-16,0.20
2014-01-17,0.19
2014-01-20,.
2014-01-21,0.20
2014-01-22,0.20
2014-01-23,0.20
2014-01-24,0.20
2014-01-27,0.19
2014-01-28,0.19
2014-01-29,0.20
2014-01-30,0.22
2014-01-31,0.22
2014-02-03,0.19
2014-02-04,0.18
2014-02-05,0.17
2014-02-06,0.17
2014-02-07,0.15
2014-02-10,0.16
2014-02-11,0.19
2014-02-12,0.19
2014-02-13,0.21
2014-02-14,0.22
2014-02-17,.
2014-02-18,0.18
2014-02-19,0.17
2014-02-20,0.19
2014-02-21,0.18
2014-02-24,0.18
2014-02-25,0.18
2014-02-26,0.18
2014-02-27,0.20
2014-02-28,0.19
2014-03-03,0.19
2014-03-04,0.19
2014-03-05,0.17
2014-03-06,0.19
2014-03-07,0.18
2014-03-10,0.18
2014-03-11,0.18
2014-03-12,0.18
2014-03-13,0.18
2014-03-14,0.18
2014-03-17,0.17
2014-03-18,0.18
2014-03-19,0.17
2014-03-20,0.17
2014-03-21,0.17
2014-03-24,0.18
2014-03-25,0.18
2014-03-26,0.18
2014-03-27,0.19
2014-03-28,0.19
2014-03-31,0.18
2014-04-01,0.19
2014-04-02,0.21
2014-04-03,0.21
2014-04-04,0.20
2014-04-07,0.20
2014-04-08,0.20
2014-04-09,0.19
2014-04-10,0.19
2014-04-11,0.19
2014-04-14,0.19
2014-04-15,0.19
2014-04-16,0.19
2014-04-17,0.20
2014-04-18,.
2014-04-21,.
2014-04-22,0.20
2014-04-23,0.21
2014-04-24,0.22
2014-04-25,0.20
2014-04-28,0.19
2014-04-29,0.21
2014-04-30,0.19
2014-05-01,0.19
2014-05-02,0.20
2014-05-05,.
2014-05-06,0.19
2014-05-07,0.19
2014-05-08,0.19
2014-05-09,0.19
2014-05-12,0.20
2014-05-13,0.19
2014-05-14,0.20
2014-05-15,0.20
2014-05-16,0.20
2014-05-19,0.20
2014-05-20,0.20
2014-05-21,0.19
2014-05-22,0.20
2014-05-23,0.19
2014-05-26,.
2014-05-27,0.19
2014-05-28,0.19
2014-05-29,0.19
2014-05-30,0.19
2014-06-02,0.19
2014-06-03,0.19
2014-06-04,0.19
2014-06-05,0.19
2014-06-06,0.19
2014-06-09,0.19
2014-06-10,0.19
2014-06-11,0.19
2014-06-12,0.19
2014-06-13,0.19
2014-06-16,0.19
2014-06-17,0.19
2014-06-18,0.20
2014-06-19,0.21
2014-06-20,0.21
2014-06-23,0.20
2014-06-24,0.20
2014-06-25,0.20
2014-06-26,0.19
2014-06-27,0.20
2014-06-30,0.19
2014-07-01,0.21
2014-07-02,0.21
2014-07-03,0.22
2014-07-04,.
2014-07-07,0.19
2014-07-08,0.20
2014-07-09,0.20
2014-07-10,0.21
2014-07-11,0.21
2014-07-14,0.20
2014-07-15,0.21
2014-07-16,0.21
2014-07-17,0.21
2014-07-18,0.21
2014-07-21,0.20
2014-07-22,0.20
2014-07-23,0.20
2014-07-24,0.21
2014-07-25,0.20
2014-07-28,0.20
2014-07-29,0.22
2014-07-30,0.20
2014-07-31,0.21
2014-08-01,0.21
2014-08-04,0.20
2014-08-05,0.21
2014-08-06,0.20
2014-08-07,0.20
2014-08-08,0.21
2014-08-11,0.19
2014-08-12,0.20
2014-08-13,0.19
2014-08-14,0.19
2014-08-15,0.20
2014-08-18,0.20
2014-08-19,0.20
2014-08-20,0.19
2014-08-21,0.21
2014-08-22,0.21
2014-08-25,.
2014-08-26,0.21
2014-08-27,0.19
2014-08-28,0.20
2014-08-29,0.20
2014-09-01,.
2014-09-02,0.20
2014-09-03,0.20
2014-09-04,0.20
2014-09-05,0.20
2014-09-08,0.21
2014-09-09,0.21
2014-09-10,0.21
2014-09-11,0.21
2014-09-12,0.21
2014-09-15,0.21
2014-09-16,0.21
2014-09-17,0.21
2014-09-18,0.21
2014-09-19,0.21
2014-09-22,0.23
2014-09-23,0.22
2014-09-24,0.22
2014-09-25,0.22
2014-09-26,0.22
2014-09-29,0.22
2014-09-30,0.22
2014-10-01,0.21
2014-10-02,0.22
2014-10-03,0.22
2014-10-06,0.21
2014-10-07,0.21
2014-10-08,0.22
2014-10-09,0.22
2014-10-10,0.22
2014-10-13,.
2014-10-14,0.21
2014-10-15,0.21
2014-10-16,0.20
2014-10-17,0.21
2014-10-20,0.21
2014-10-21,0.21
2014-10-22,0.21
2014-10-23,0.22
2014-10-24,0.22
2014-10-27,0.21
2014-10-28,0.21
2014-10-29,0.20
2014-10-30,0.22
2014-10-31,0.22
2014-11-03,0.21
2014-11-04,0.20
2014-11-05,0.20
2014-11-06,0.20
2014-11-07,0.20
2014-11-10,0.21
2014-11-11,.
2014-11-12,0.21
2014-11-13,0.21
2014-11-14,0.21
2014-11-17,0.20
2014-11-18,0.21
2014-11-19,0.22
2014-11-20,0.21
2014-11-21,0.22
2014-11-24,0.21
2014-11-25,0.22
2014-11-26,0.22
2014-11-27,.
2014-11-28,0.21
2014-12-01,0.20
2014-12-02,0.20
2014-12-03,0.22
2014-12-04,0.22
2014-12-05,0.22
2014-12-08,0.21
2014-12-09,0.20
2014-12-10,0.21
2014-12-11,0.21
2014-12-12,0.22
2014-12-15,0.20
2014-12-16,0.21
2014-12-17,0.22
2014-12-18,0.21
2014-12-19,0.21
2014-12-22,0.21
2014-12-23,0.22
2014-12-24,0.25
2014-12-25,.
2014-12-26,.
2014-12-29,0.23
2014-12-30,0.23
2014-12-31,0.22
2015-01-01,.
2015-01-02,0.24
2015-01-05,0.22
2015-01-06,0.22
2015-01-07,0.22
2015-01-08,0.22
2015-01-09,0.23
2015-01-12,0.22
2015-01-13,0.22
2015-01-14,0.21
2015-01-15,0.22
2015-01-16,0.23
2015-01-19,.
2015-01-20,0.23
2015-01-21,0.23
2015-01-22,0.23
2015-01-23,0.24
2015-01-26,0.23
2015-01-27,0.23
2015-01-28,0.23
2015-01-29,0.22
2015-01-30,0.23
2015-02-02,0.23
2015-02-03,0.24
2015-02-04,0.25
2015-02-05,0.24
2015-02-06,0.24
2015-02-09,0.25
2015-02-10,0.25
2015-02-11,0.25
2015-02-12,0.24
2015-02-13,0.25
2015-02-16,.
2015-02-17,0.24
2015-02-18,0.24
2015-02-19,0.24
2015-02-20,0.24
2015-02-23,0.24
2015-02-24,0.24
2015-02-25,0.24
2015-02-26,0.23
2015-02-27,0.24
2015-03-02,0.24
2015-03-03,0.25
2015-03-04,0.25
2015-03-05,0.24
2015-03-06,0.25
2015-03-09,0.25
2015-03-10,0.25
2015-03-11,0.24
2015-03-12,0.24
2015-03-13,0.24
2015-03-16,0.22
2015-03-17,0.22
2015-03-18,0.24
2015-03-19,0.23
2015-03-20,0.26
2015-03-23,0.24
2015-03-24,0.25
2015-03-25,0.23
2015-03-26,0.24
2015-03-27,0.24
2015-03-30,0.23
2015-03-31,0.24
2015-04-01,0.24
2015-04-02,0.25
2015-04-03,.
2015-04-06,.
2015-04-07,0.25
2015-04-08,0.24
2015-04-09,0.25
2015-04-10,0.26
2015-04-13,0.25
2015-04-14,0.26
2015-04-15,0.25
2015-04-16,0.26
2015-04-17,0.27
2015-04-20,0.25
2015-04-21,0.25
2015-04-22,0.25
2015-04-23,0.25
2015-04-24,0.25
2015-04-27,0.26
2015-04-28,0.26
2015-04-29,0.27
2015-04-30,0.27
2015-05-01,0.27
2015-05-04,.
2015-05-05,0.27
2015-05-06,0.26
2015-05-07,0.27
2015-05-08,0.27
2015-05-11,0.26
2015-05-12,0.25
2015-05-13,0.25
2015-05-14,0.27
2015-05-15,0.26
2015-05-18,0.26
2015-05-19,0.26
2015-05-20,0.26
2015-05-21,0.26
2015-05-22,0.26
2015-05-25,.
2015-05-26,0.27
2015-05-27,0.27
2015-05-28,0.27
2015-05-29,0.27
2015-06-01,0.26
2015-06-02,0.27
2015-06-03,0.26
2015-06-04,0.26
2015-06-05,0.25
2015-06-08,0.26
2015-06-09,0.27
2015-06-10,0.27
2015-06-11,0.28
2015-06-12,0.27
2015-06-15,0.26
2015-06-16,0.28
2015-06-17,0.28
2015-06-18,0.27
2015-06-19,0.27
2015-06-22,0.27
2015-06-23,0.27
2015-06-24,0.27
2015-06-25,0.27
2015-06-26,0.27
2015-06-29,0.26
2015-06-30,0.27
2015-07-01,0.27
2015-07-02,0.27
2015-07-03,.
2015-07-06,0.26
2015-07-07,0.26
2015-07-08,0.26
2015-07-09,0.26
2015-07-10,0.28
2015-07-13,0.27
2015-07-14,0.28
2015-07-15,0.27
2015-07-16,0.27
2015-07-17,0.26
2015-07-20,0.26
2015-07-21,0.26
2015-07-22,0.25
2015-07-23,0.27
2015-07-24,0.25
2015-07-27,0.24
2015-07-28,0.25
2015-07-29,0.24
2015-07-30,0.23
2015-07-31,0.23
2015-08-03,0.22
2015-08-04,0.22
2015-08-05,0.23
2015-08-06,0.27
2015-08-07,0.25
2015-08-10,0.19
2015-08-11,0.21
2015-08-12,0.21
2015-08-13,0.22
2015-08-14,0.23
2015-08-17,0.23
2015-08-18,0.26
2015-08-19,0.28
2015-08-20,0.31
2015-08-21,0.30
2015-08-24,0.27
2015-08-25,0.26
2015-08-26,0.27
2015-08-27,0.26
2015-08-28,0.27
2015-08-31,.
2015-09-01,0.30
2015-09-02,0.30
2015-09-03,0.31
2015-09-04,0.31
2015-09-07,.
2015-09-08,0.27
2015-09-09,0.30
2015-09-10,0.32
2015-09-11,0.30
2015-09-14,0.27
2015-09-15,0.26
2015-09-16,0.28
2015-09-17,0.34
2015-09-18,0.33
2015-09-21,0.32
2015-09-22,0.34
2015-09-23,0.32
2015-09-24,0.32
2015-09-25,0.34
2015-09-28,0.32
2015-09-29,0.32
2015-09-30,0.34
2015-10-01,0.34
2015-10-02,0.33
2015-10-05,0.31
2015-10-06,0.32
2015-10-07,0.32
2015-10-08,0.33
2015-10-09,0.31
2015-10-12,.
2015-10-13,0.31
2015-10-14,0.32
2015-10-15,0.31
2015-10-16,0.31
2015-10-19,0.30
2015-10-20,0.30
2015-10-21,0.31
2015-10-22,0.32
2015-10-23,0.31
2015-10-26,0.30
2015-10-27,0.29
2015-10-28,0.28
2015-10-29,0.26
2015-10-30,0.25
2015-11-02,0.25
2015-11-03,0.27
2015-11-04,0.29
2015-11-05,0.29
2015-11-06,0.26
2015-11-09,0.22
2015-11-10,0.23
2015-11-11,.
2015-11-12,0.22
2015-11-13,0.23
2015-11-16,0.21
2015-11-17,0.23
2015-11-18,0.25
2015-11-19,0.27
2015-11-20,0.27
2015-11-23,0.25
2015-11-24,0.24
2015-11-25,0.22
2015-11-26,.
2015-11-27,0.24
2015-11-30,0.20
2015-12-01,0.21
2015-12-02,0.23
2015-12-03,0.24
2015-12-04,0.24
2015-12-07,0.19
2015-12-08,0.22
2015-12-09,0.23
2015-12-10,0.26
2015-12-11,0.29
2015-12-14,0.26
2015-12-15,0.28
2015-12-16,0.26
2015-12-17,0.34
2015-12-18,0.40
2015-12-21,0.35
2015-12-22,0.38
2015-12-23,0.40
2015-12-24,0.40
2015-12-25,.
2015-12-28,.
2015-12-29,0.38
2015-12-30,0.40
2015-12-31,0.45
2016-01-01,.
2016-01-04,0.39
2016-01-05,0.42
2016-01-06,0.41
2016-01-07,0.42
2016-01-08,0.42
2016-01-11,0.41
2016-01-12,0.41
2016-01-13,0.40
2016-01-14,0.37
2016-01-15,0.39
2016-01-18,.
2016-01-19,0.36
2016-01-20,0.36
2016-01-21,0.34
2016-01-22,0.32
2016-01-25,0.31
2016-01-26,0.31
2016-01-27,0.30
2016-01-28,0.28
2016-01-29,0.29
2016-02-01,0.27
2016-02-02,0.28
2016-02-03,0.29
2016-02-04,0.33
2016-02-05,0.33
2016-02-08,0.30
2016-02-09,0.32
2016-02-10,0.31
2016-02-11,0.34
2016-02-12,0.33
2016-02-15,.
2016-02-16,0.32
2016-02-17,0.32
2016-02-18,0.32
2016-02-19,0.32
2016-02-22,0.29
2016-02-23,0.31
2016-02-24,0.30
2016-02-25,0.32
2016-02-26,0.32
2016-02-29,0.30
2016-03-01,0.30
2016-03-02,0.28
2016-03-03,0.37
2016-03-04,0.35
2016-03-07,0.32
2016-03-08,0.35
2016-03-09,0.33
2016-03-10,0.32
2016-03-11,0.31
2016-03-14,0.30
2016-03-15,0.30
2016-03-16,0.33
2016-03-17,0.33
2016-03-18,0.33
2016-03-21,0.31
2016-03-22,0.33
2016-03-23,0.33
2016-03-24,0.34
2016-03-25,.
2016-03-28,.
2016-03-29,0.40
2016-03-30,0.43
2016-03-31,0.42
2016-04-01,0.40
2016-04-04,0.40
2016-04-05,0.40
2016-04-06,0.40
2016-04-07,0.40
2016-04-08,0.40
2016-04-11,0.40
2016-04-12,0.41
2016-04-13,0.40
2016-04-14,0.41
2016-04-15,0.41
2016-04-18,0.41
2016-04-19,0.42
2016-04-20,0.41
2016-04-21,0.41
2016-04-22,0.41
2016-04-25,0.38
2016-04-26,0.39
2016-04-27,0.40
2016-04-28,0.42
2016-04-29,0.42
2016-05-02,.
2016-05-03,0.42
2016-05-04,0.44
2016-05-05,0.43
2016-05-06,.
2016-05-09,0.39
2016-05-10,0.39
2016-05-11,0.37
2016-05-12,0.36
2016-05-13,0.35
2016-05-16,0.35
2016-05-17,0.35
2016-05-18,0.34
2016-05-19,0.35
2016-05-20,0.34
2016-05-23,0.31
2016-05-24,0.32
2016-05-25,0.34
2016-05-26,0.37
2016-05-27,0.36
2016-05-30,.
2016-05-31,0.35
2016-06-01,0.38
2016-06-02,0.40
2016-06-03,0.39
2016-06-06,0.38
2016-06-07,0.38
2016-06-08,0.42
2016-06-09,0.41
2016-06-10,0.41
2016-06-13,0.38
2016-06-14,0.38
2016-06-15,0.40
2016-06-16,0.38
2016-06-17,0.38
2016-06-20,0.37
2016-06-21,0.37
2016-06-22,0.37
2016-06-23,0.34
2016-06-24,0.36
2016-06-27,0.36
2016-06-28,0.37
2016-06-29,0.39
2016-06-30,0.39
2016-07-01,0.38
2016-07-04,.
2016-07-05,0.38
2016-07-06,0.39
2016-07-07,0.37
2016-07-08,0.40
2016-07-11,0.36
2016-07-12,0.38
2016-07-13,0.37
2016-07-14,0.37
2016-07-15,0.38
2016-07-18,0.38
2016-07-19,0.39
2016-07-20,0.38
2016-07-21,0.40
2016-07-22,0.40
2016-07-25,0.41
2016-07-26,0.43
2016-07-27,0.44
2016-07-28,0.51
2016-07-29,0.49
2016-08-01,0.47
2016-08-02,0.48
2016-08-03,0.50
2016-08-04,0.53
2016-08-05,0.52
2016-08-08,0.50
2016-08-09,0.53
2016-08-10,0.54
2016-08-11,0.54
2016-08-12,0.54
2016-08-15,0.49
2016-08-16,0.53
2016-08-17,0.51
2016-08-18,0.52
2016-08-19,0.53
2016-08-22,0.54
2016-08-23,0.53
2016-08-24,0.52
2016-08-25,0.50
2016-08-26,0.50
2016-08-29,.
2016-08-30,0.51
2016-08-31,0.51
2016-09-01,0.51
2016-09-02,0.52
2016-09-05,.
2016-09-06,0.52
2016-09-07,0.49
2016-09-08,0.51
2016-09-09,0.51
2016-09-12,0.49
2016-09-13,0.49
2016-09-14,0.52
2016-09-15,0.57
2016-09-16,0.57
2016-09-19,0.56
2016-09-20,0.57
2016-09-21,0.64
2016-09-22,0.68
2016-09-23,0.67
2016-09-26,0.60
2016-09-27,0.59
2016-09-28,0.57
2016-09-29,0.59
2016-09-30,0.57
2016-10-03,0.54
2016-10-04,0.53
2016-10-05,0.55
2016-10-06,0.55
2016-10-07,0.56
2016-10-10,.
2016-10-11,0.53
2016-10-12,0.52
2016-10-13,0.59
2016-10-14,0.57
2016-10-17,0.54
2016-10-18,0.54
2016-10-19,0.54
2016-10-20,0.54
2016-10-21,0.55
2016-10-24,0.55
2016-10-25,0.55
2016-10-26,0.56
2016-10-27,0.60
2016-10-28,0.60
2016-10-31,0.54
2016-11-01,0.53
2016-11-02,0.52
2016-11-03,0.51
2016-11-04,0.51
2016-11-07,0.48
2016-11-08,0.45
2016-11-09,0.45
2016-11-10,0.43
2016-11-11,.
2016-11-14,0.37
2016-11-15,0.41
2016-11-16,0.45
2016-11-17,0.48
2016-11-18,0.49
2016-11-21,0.46
2016-11-22,0.44
2016-11-23,0.43
2016-11-24,.
2016-11-25,0.46
2016-11-28,0.46
2016-11-29,0.45
2016-11-30,0.45
2016-12-01,0.47
2016-12-02,0.47
2016-12-05,0.46
2016-12-06,0.46
2016-12-07,0.44
2016-12-08,0.45
2016-12-09,0.43
2016-12-12,0.45
2016-12-13,0.42
2016-12-14,0.43
2016-12-15,0.49
2016-12-16,0.50
2016-12-19,0.47
2016-12-20,0.48
2016-12-21,0.49
2016-12-22,0.50
2016-12-23,0.49
2016-12-26,.
2016-12-27,.
2016-12-28,0.48
2016-12-29,0.54
2016-12-30,0.50
2017-01-02,.
2017-01-03,0.47
2017-01-04,0.49
2017-01-05,0.50
2017-01-06,0.49
2017-01-09,0.51
2017-01-10,0.51
2017-01-11,0.51
2017-01-12,0.51
2017-01-13,0.50
2017-01-16,.
2017-01-17,0.48
2017-01-18,0.51
2017-01-19,0.53
2017-01-20,0.55
2017-01-23,0.53
2017-01-24,0.53
2017-01-25,0.55
2017-01-26,0.54
2017-01-27,0.53
2017-01-30,0.52
2017-01-31,0.51
2017-02-01,0.53
2017-02-02,0.52
2017-02-03,0.53
2017-02-06,0.51
2017-02-07,0.51
2017-02-08,0.50
2017-02-09,0.50
2017-02-10,0.50
2017-02-13,0.52
2017-02-14,0.50
2017-02-15,0.51
2017-02-16,0.54
2017-02-17,0.53
2017-02-20,.
2017-02-21,0.52
2017-02-22,0.53
2017-02-23,0.54
2017-02-24,0.54
2017-02-27,0.55
2017-02-28,0.53
2017-03-01,0.47
2017-03-02,0.44
2017-03-03,0.40
2017-03-06,0.38
2017-03-07,0.36
2017-03-08,0.39
2017-03-09,0.40
2017-03-10,0.39
2017-03-13,0.35
2017-03-14,0.37
2017-03-15,0.43
2017-03-16,0.43
2017-03-17,0.43
2017-03-20,0.41
2017-03-21,0.40
2017-03-22,0.40
2017-03-23,0.40
2017-03-24,0.38
2017-03-27,0.38
2017-03-28,0.38
2017-03-29,0.38
2017-03-30,0.38
2017-03-31,0.40
2017-04-03,0.37
2017-04-04,0.37
2017-04-05,0.36
2017-04-06,0.38
2017-04-07,0.35
2017-04-10,.
2017-04-11,0.35
2017-04-12,0.36
2017-04-13,0.36
2017-04-14,.
2017-04-17,.
2017-04-18,0.35
2017-04-19,0.36
2017-04-20,0.37
2017-04-21,0.38
2017-04-24,0.37
2017-04-25,0.36
2017-04-26,0.35
2017-04-27,0.37
2017-04-28,0.38
2017-05-01,.
2017-05-02,0.36
2017-05-03,0.33
2017-05-04,0.34
2017-05-05,0.30
2017-05-08,0.28
2017-05-09,0.28
2017-05-10,0.29
2017-05-11,0.31
2017-05-12,0.32
2017-05-15,0.29
2017-05-16,0.29
2017-05-17,0.29
2017-05-18,0.26
2017-05-19,0.29
2017-05-22,0.27
2017-05-23,0.28
2017-05-24,0.28
2017-05-25,0.28
2017-05-26,0.28
2017-05-29,.
2017-05-30,0.28
2017-05-31,0.25
2017-06-01,0.26
2017-06-02,0.26
2017-06-05,0.27
2017-06-06,0.26
2017-06-07,0.24
2017-06-08,0.24
2017-06-09,0.25
2017-06-12,0.27
2017-06-13,0.26
2017-06-14,0.26
2017-06-15,0.27
2017-06-16,0.26
2017-06-19,0.27
2017-06-20,0.29
2017-06-21,0.32
2017-06-22,0.36
2017-06-23,0.34
2017-06-26,0.31
2017-06-27,0.31
2017-06-28,0.30
2017-06-29,0.28
2017-06-30,0.29
2017-07-03,0.26
2017-07-04,.
2017-07-05,0.27
2017-07-06,0.28
2017-07-07,0.28
2017-07-10,0.27
2017-07-11,0.27
2017-07-12,0.27
2017-07-13,0.27
2017-07-14,0.28
2017-07-17,0.26
2017-07-18,0.26
2017-07-19,0.22
2017-07-20,0.18
2017-07-21,0.17
2017-07-24,0.16
2017-07-25,0.16
2017-07-26,0.2
2017-07-27,0.22
2017-07-28,0.25
2017-07-31,0.26
2017-08-01,0.25
2017-08-02,0.25
2017-08-03,0.25
2017-08-04,0.25
2017-08-07,0.3
2017-08-08,0.27
2017-08-09,0.27
2017-08-10,0.28
2017-08-11,0.3
2017-08-14,0.3
2017-08-15,0.29
2017-08-16,0.32
2017-08-17,0.34
2017-08-18,0.31
2017-08-21,0.32
2017-08-22,0.33
2017-08-23,0.34
2017-08-24,0.32
2017-08-25,0.31
2017-08-28,.
2017-08-29,0.31
2017-08-30,0.31
2017-08-31,0.33
2017-09-01,0.32
2017-09-04,.
2017-09-05,0.31
2017-09-06,0.27
2017-09-07,0.29
2017-09-08,0.29
2017-09-11,0.28
2017-09-12,0.3
2017-09-13,0.3
2017-09-14,0.29
2017-09-15,0.29
2017-09-18,0.28
2017-09-19,0.3
2017-09-20,0.3
2017-09-21,0.31
2017-09-22,0.32
2017-09-25,0.29
2017-09-26,0.28
2017-09-27,0.28
2017-09-28,0.29
2017-09-29,0.29
2017-10-02,0.34
2017-10-03,0.29
